{
	"description": "项目配置文件。",
	"setting": {
		"urlCheck": false,
		"es6": true,
		"postcss": true,
		"minified": true,
		"newFeature": true
	},
	"compileType": "miniprogram",
	"libVersion": "2.2.1",
	"appid": "wxe5b1859edeef5626",
	"projectname": "%E9%85%92%E5%BA%97",
	"isGameTourist": false,
	"condition": {
		"search": {
			"current": -1,
			"list": []
		},
		"conversation": {
			"current": -1,
			"list": []
		},
		"plugin": {
			"current": -1,
			"list": []
		},
		"game": {
			"currentL": -1,
			"list": []
		},
		"miniprogram": {
			"current": 1,
			"list": [
				{
					"id": -1,
					"name": "fafa",
					"pathName": "zh_jdgjb/pages/index/index",
					"query": "scene=2",
					"scene": "1047"
				},
				{
					"id": 1,
					"name": "fwa",
					"pathName": "zh_jdgjb/pages/logs/Workbench",
					"query": "scene=3",
					"scene": "1047"
				}
			]
		}
	}
}